{
	"format_version": "1.8.0",
	"animations": {
		"persona8march.animation": {
			"loop": true,
			"animation_length": 4.08333,
			"bones": {
				"bone15": {
					"rotation": {
						"0.25": [0, 0, 0],
						"0.5": [0, 0, 25],
						"1.1667": [0, 0, 25],
						"1.4167": [0, 0, -10],
						"2.375": [0, 0, -10],
						"2.625": [0, 0, 25]
					},
					"position": [20, 0, -3],
					"scale": {
						"0.0": [0, 0, 0],
						"0.25": [0, 0, 0],
						"0.5": {
							"pre": [1.3, 1.3, 0],
							"post": [1.3, 1.3, 0],
							"lerp_mode": "catmullrom"
						},
						"0.75": [0, 0, 0],
						"1.1667": [0, 0, 0],
						"1.4167": {
							"pre": [1.3, 1.3, 0],
							"post": [1.3, 1.3, 0],
							"lerp_mode": "catmullrom"
						},
						"1.7083": [0, 0, 0],
						"2.375": [0, 0, 0],
						"2.625": {
							"pre": [1.3, 1.3, 0],
							"post": [1.3, 1.3, 0],
							"lerp_mode": "catmullrom"
						},
						"2.9167": [0, 0, 0]
					}
				},
				"bone14": {
					"rotation": {
						"0.5": [0, 0, 0],
						"0.75": [0, 0, -12.5],
						"2.0": [0, 0, 0],
						"2.25": [0, 0, 10]
					},
					"position": [3, -4, 1],
					"scale": {
						"0.0": [0, 0, 0],
						"0.5": [0, 0, 0],
						"0.75": {
							"pre": [1.3, 1.3, 0],
							"post": [1.3, 1.3, 0],
							"lerp_mode": "catmullrom"
						},
						"1.0": [0, 0, 0],
						"2.0": [0, 0, 0],
						"2.25": {
							"pre": [1.3, 1.3, 0],
							"post": [1.3, 1.3, 0],
							"lerp_mode": "catmullrom"
						},
						"2.5": [0, 0, 0]
					}
				},
				"bone13": {
					"rotation": {
						"0.6667": [0, 0, 0],
						"0.9167": [0, 0, 17.5],
						"1.4583": [0, 0, 0],
						"1.7083": [0, 0, -15],
						"2.25": [0, 0, -15],
						"2.5": [0, 0, 12.5],
						"3.5833": [0, 0, 0],
						"3.8333": [0, 0, -15]
					},
					"position": [-3, -5, 3],
					"scale": {
						"0.0": [0, 0, 0],
						"0.6667": [0, 0, 0],
						"0.9167": [1.3, 1.3, 0],
						"1.1667": [0, 0, 0],
						"1.4583": [0, 0, 0],
						"1.7083": [1.3, 1.3, 0],
						"1.9583": [0, 0, 0],
						"2.25": [0, 0, 0],
						"2.5": [1.3, 1.3, 0],
						"2.75": [0, 0, 0],
						"3.5833": [0, 0, 0],
						"3.8333": [1.3, 1.3, 0],
						"4.0833": [0, 0, 0]
					}
				},
				"Body": {
					"rotation": {
						"0.0": [-5, -17.5, 0],
						"0.7083": {
							"pre": [-12.65652, 22.3554, -3.47284],
							"post": [-12.65652, 22.3554, -3.47284],
							"lerp_mode": "catmullrom"
						},
						"1.3333": {
							"post": [-16.9864, 12.58911, -1.23518],
							"lerp_mode": "catmullrom"
						},
						"2.0": {
							"post": [-16.99, 12.59, -1.24],
							"lerp_mode": "catmullrom"
						},
						"2.75": {
							"post": [-5, -17.5, 0],
							"lerp_mode": "catmullrom"
						},
						"3.25": {
							"post": [-9.16907, -23.40579, 14.20163],
							"lerp_mode": "catmullrom"
						},
						"3.6667": {
							"post": [-9.16907, -23.40579, 14.20163],
							"lerp_mode": "catmullrom"
						},
						"4.0": {
							"post": [-5, -17.5, 0],
							"lerp_mode": "catmullrom"
						}
					}
				},
				"Emotion1": {
					"position": {
						"0.0": [0.5, 0, 0],
						"0.5": {
							"pre": [0, 0, 0],
							"post": [0, 0, 0],
							"lerp_mode": "catmullrom"
						},
						"0.9583": {
							"post": [0, 0.5, 0],
							"lerp_mode": "catmullrom"
						},
						"1.375": {
							"post": [0.5, 0.5, 0],
							"lerp_mode": "catmullrom"
						},
						"1.7917": {
							"post": [0.5, 0, 0],
							"lerp_mode": "catmullrom"
						},
						"2.6667": [0.5, 0, 0],
						"3.5": [0.5, 0, 0]
					},
					"scale": {
						"2.6667": [1, 1, 1],
						"3.0": [1, 0.7, 1],
						"3.5": [1, 0.7, 1],
						"3.6667": [1, 1, 1]
					}
				},
				"LeftEar": {
					"rotation": {
						"0.0": [0, 0, 0],
						"0.5": [0, 0, 0],
						"1.0": [-14.87739, 1.93597, 7.24721],
						"2.5": [-14.87739, 1.93597, 7.24721],
						"3.0": [1.0958, 5.68422, 21.80633],
						"3.5": [1.0958, 5.68422, 21.80633],
						"4.0": [0, 0, 0]
					},
					"position": {
						"0.0": [0, 0, 0],
						"1.0": [0, -0.25, 0],
						"4.0": [0, 0, 0]
					}
				},
				"RightEar": {
					"rotation": {
						"0.0": [0, 0, -17.5],
						"0.5": [0, 0, 0],
						"1.0": [-17.5, 0, 0],
						"1.5": [-17.43745, -1.50179, -4.76968],
						"2.5": [-17.10967, -3.73171, -11.93845],
						"3.0": [-1.06937, -3.59663, 10.60785],
						"3.5833": [-1.06937, -3.59663, 10.60785],
						"4.0": [0, 0, -17.5]
					},
					"position": {
						"0.0": [0, -0.25, 0],
						"4.0": [0, -0.25, 0]
					}
				},
				"LeftHand": {
					"rotation": {
						"0.0": [0, 0, 0],
						"0.5": [-8.28342, -15.46973, 28.62702],
						"1.5": {
							"pre": [1.09045, 7.70886, 61.62185],
							"post": [1.09045, 7.70886, 61.62185],
							"lerp_mode": "catmullrom"
						},
						"2.5": {
							"post": [0, 0, 0],
							"lerp_mode": "catmullrom"
						},
						"3.5": {
							"post": [-25, 0, 20],
							"lerp_mode": "catmullrom"
						},
						"4.0": [0, 0, 0]
					},
					"position": {
						"0.0": [0, 0, 1],
						"2.5": {
							"pre": [0, 0, 1],
							"post": [0, 0, 1],
							"lerp_mode": "catmullrom"
						},
						"4.0": [0, 0, 1]
					}
				},
				"RightHand": {
					"rotation": {
						"0.0": [-173.84509, -16.41371, 159.11148],
						"0.5": {
							"pre": [-173.84509, -16.41371, 159.11148],
							"post": [-173.84509, -16.41371, 159.11148],
							"lerp_mode": "catmullrom"
						},
						"1.0833": {
							"post": [-183.13606, -17.22013, 190.47258],
							"lerp_mode": "catmullrom"
						},
						"2.0": {
							"post": [-183.13606, -17.22013, 190.47258],
							"lerp_mode": "catmullrom"
						},
						"2.5": [-173.84509, -16.41371, 159.11148]
					},
					"position": {
						"0.0": [4, -2, -2],
						"0.5": {
							"pre": [4, -2, -2],
							"post": [4, -2, -2],
							"lerp_mode": "catmullrom"
						},
						"1.0833": {
							"post": [3, -2, -2],
							"lerp_mode": "catmullrom"
						},
						"2.0": {
							"post": [3, -2, -2],
							"lerp_mode": "catmullrom"
						},
						"2.5": [4, -2, -2]
					}
				},
				"rose": {
					"rotation": {
						"0.0": [-12.5, 0, 10],
						"1.0": {
							"pre": [-13.2593, 21.66818, 15.26519],
							"post": [-13.2593, 21.66818, 15.26519],
							"lerp_mode": "catmullrom"
						},
						"2.0": {
							"post": [-13.2593, 21.66818, 15.26519],
							"lerp_mode": "catmullrom"
						},
						"3.0": {
							"post": [-17.05909, -6.97729, 24.35117],
							"lerp_mode": "catmullrom"
						},
						"3.5": {
							"post": [-18.31285, 8.68982, 32.40491],
							"lerp_mode": "catmullrom"
						},
						"4.0": [-12.5, 0, 10]
					},
					"position": {
						"0.0": [-3, -13, -2],
						"1.0": {
							"pre": [-5, -13, -5],
							"post": [-5, -13, -5],
							"lerp_mode": "catmullrom"
						},
						"2.0": {
							"post": [-5.25, -13.25, -5],
							"lerp_mode": "catmullrom"
						},
						"3.0": {
							"post": [-3.25, -13.25, -1],
							"lerp_mode": "catmullrom"
						},
						"4.0": [-3, -13, -2]
					}
				},
				"bone": {
					"rotation": {
						"0.0": [0, 0, 0],
						"1.0": {
							"pre": [-29.68665, 26.24453, -21.20689],
							"post": [-29.68665, 26.24453, -21.20689],
							"lerp_mode": "catmullrom"
						},
						"2.5": {
							"post": [-49.5744, -51.04159, 36.62567],
							"lerp_mode": "catmullrom"
						},
						"3.0": {
							"post": [-49.57, -51.04, 36.63],
							"lerp_mode": "catmullrom"
						},
						"4.0": [0, 0, 0]
					}
				},
				"bone2": {
					"rotation": {
						"0.0": [0, 0, 0],
						"1.0": {
							"pre": [-16.47027, -24.09293, 6.8817],
							"post": [-16.47027, -24.09293, 6.8817],
							"lerp_mode": "catmullrom"
						},
						"2.5": {
							"post": [-29.97193, -40.73276, 13.3399],
							"lerp_mode": "catmullrom"
						},
						"3.0": {
							"post": [-42.47193, -40.73276, 13.3399],
							"lerp_mode": "catmullrom"
						},
						"4.0": [0, 0, 0]
					}
				},
				"bone3": {
					"rotation": {
						"0.0": [0, 0, 0],
						"1.0": {
							"pre": [-19.77982, 0.03866, -5.39366],