{
	"format_version": "1.8.0",
	"animations": {
		"walle.animation": {
			"animation_length": 4.70833,
			"bones": {
				"bone49": {
					"rotation": {
						"0.0": [0, 0, 0],
						"1.6": [-75, 0, 0],
						"2.2": [-76.0958, -5.68422, 21.80633],
						"3.0": [-75.01363, -0.64686, 2.41492],
						"4.7": [-0.01363, -0.64686, 2.41492]
					}
				},
				"ALLNOGI": {
					"rotation": [-360, 0, 0]
				},
				"bone50": {
					"rotation": {
						"0.0": [0, 0, 0],
						"2.4": [0, 0, -15],
						"3.4": [-20, 0, -15],
						"4.5": [0, 0, -15],
						"4.7": [0, 0, 0]
					}
				},
				"bone57": {
					"scale": 1
				},
				"GOLOVA": {
					"rotation": {
						"0.0": [0, 0, 0],
						"2.3": [-17.5, 0, 0],
						"2.9": [-17.10967, -3.73171, -11.93845],
						"3.9": [-17.5, 0, 0],
						"4.7": [0, 0, 0]
					}
				}
			}
		}
	}
}